snapshot_date,path,views,uniques
2026-10-04,/hawkaiglai/tanos/graphs/traffic,3,1
2026-10-04,/hawkaiglai/tanos,2,2
2026-10-04,/hawkaiglai/tanos/actions/metrics/performance,2,1
2026-10-04,/hawkaiglai/tanos/actions/metrics/usage,2,1
2026-10-04,/hawkaiglai/tanos/pulse,2,1
2026-10-04,/hawkaiglai/tanos/forks,1,1
2026-10-04,/hawkaiglai/tanos/network,1,1
2026-10-04,/hawkaiglai/tanos/tree/main,1,1
2026-10-04,/hawkaiglai/tanos/tree/main/tanos,1,1
2026-10-05,/hawkaiglai/tanos/graphs/traffic,5,1
2026-10-05,/hawkaiglai/tanos,4,2
2026-10-05,/hawkaiglai/tanos/pulse,3,1
2026-10-05,/hawkaiglai/tanos/actions/metrics/performance,2,1
2026-10-05,/hawkaiglai/tanos/actions/metrics/usage,2,1
2026-10-05,/hawkaiglai/tanos/forks,1,1
2026-10-05,/hawkaiglai/tanos/network,1,1
2026-10-05,/hawkaiglai/tanos/tree/main,1,1
2026-10-05,/hawkaiglai/tanos/tree/main/tanos,1,1
