date,clones,unique_cloners,views,unique_visitors,source
2026-08-06,1,1,0,0,screenshot
2026-08-07,0,0,19,1,screenshot
2026-08-08,0,0,0,0,screenshot
2026-08-09,0,0,0,0,screenshot
2026-08-10,0,0,0,0,screenshot
2026-08-11,0,0,0,0,screenshot
2026-08-12,0,0,0,0,screenshot
2026-08-13,0,0,0,0,screenshot
2026-08-14,0,0,0,0,screenshot
2026-08-15,0,0,0,0,screenshot
2026-08-16,0,0,0,0,screenshot
2026-08-17,0,0,0,0,screenshot
2026-08-18,0,0,0,0,screenshot
2026-08-19,0,0,1,1,screenshot
2026-09-08,1,1,0,0,screenshot
2026-09-09,0,0,0,0,screenshot
2026-09-10,0,0,0,0,screenshot
2026-09-11,0,0,0,0,screenshot
2026-09-12,0,0,0,0,screenshot
2026-09-13,0,0,0,0,screenshot
2026-09-14,1,1,0,0,screenshot
2026-09-15,1,1,0,0,screenshot
2026-09-16,1,1,0,0,screenshot
2026-09-17,0,0,0,0,screenshot
2026-09-18,0,0,0,0,screenshot
2026-09-19,0,0,0,0,screenshot
2026-09-20,1,1,0,0,api
2026-09-21,0,0,0,0,api
2026-09-22,0,0,9,1,api
2026-09-23,1,1,2,1,api
2026-09-24,1,1,1,1,api
2026-09-25,0,0,0,0,api
2026-09-26,4,4,0,0,api
2026-09-27,0,0,0,0,api
2026-09-28,1,1,0,0,api
2026-09-29,1,1,3,1,api
2026-09-30,0,0,0,0,api
2026-10-01,0,0,0,0,api
2026-10-02,0,0,0,0,api
2026-10-03,0,0,0,0,api
